-- MariaDB dump 10.19  Distrib 10.4.32-MariaDB, for Win64 (AMD64)
--
-- Host: localhost    Database: DATA_KULIAH
-- ------------------------------------------------------
-- Server version	10.4.32-MariaDB

/*!40101 SET @OLD_CHARACTER_SET_CLIENT=@@CHARACTER_SET_CLIENT */;
/*!40101 SET @OLD_CHARACTER_SET_RESULTS=@@CHARACTER_SET_RESULTS */;
/*!40101 SET @OLD_COLLATION_CONNECTION=@@COLLATION_CONNECTION */;
/*!40101 SET NAMES utf8mb4 */;
/*!40103 SET @OLD_TIME_ZONE=@@TIME_ZONE */;
/*!40103 SET TIME_ZONE='+00:00' */;
/*!40014 SET @OLD_UNIQUE_CHECKS=@@UNIQUE_CHECKS, UNIQUE_CHECKS=0 */;
/*!40014 SET @OLD_FOREIGN_KEY_CHECKS=@@FOREIGN_KEY_CHECKS, FOREIGN_KEY_CHECKS=0 */;
/*!40101 SET @OLD_SQL_MODE=@@SQL_MODE, SQL_MODE='NO_AUTO_VALUE_ON_ZERO' */;
/*!40111 SET @OLD_SQL_NOTES=@@SQL_NOTES, SQL_NOTES=0 */;

--
-- Table structure for table `mahasiswa`
--

DROP TABLE IF EXISTS `mahasiswa`;
/*!40101 SET @saved_cs_client     = @@character_set_client */;
/*!40101 SET character_set_client = utf8 */;
CREATE TABLE `mahasiswa` (
  `id` int(11) NOT NULL AUTO_INCREMENT,
  `nama` varchar(100) DEFAULT NULL,
  `jurusan` varchar(100) DEFAULT NULL,
  PRIMARY KEY (`id`)
) ENGINE=InnoDB AUTO_INCREMENT=6 DEFAULT CHARSET=utf8mb4 COLLATE=utf8mb4_general_ci;
/*!40101 SET character_set_client = @saved_cs_client */;

--
-- Dumping data for table `mahasiswa`
--

LOCK TABLES `mahasiswa` WRITE;
/*!40000 ALTER TABLE `mahasiswa` DISABLE KEYS */;
INSERT INTO `mahasiswa` VALUES (1,'Andi','Informatika'),(2,'Budi','Informatika'),(3,'Citra','Manajemen'),(4,'Dewi','Manajemen'),(5,'Eko','Teknik Elektro');
/*!40000 ALTER TABLE `mahasiswa` ENABLE KEYS */;
UNLOCK TABLES;

--
-- Table structure for table `mata_kuliah`
--

DROP TABLE IF EXISTS `mata_kuliah`;
/*!40101 SET @saved_cs_client     = @@character_set_client */;
/*!40101 SET character_set_client = utf8 */;
CREATE TABLE `mata_kuliah` (
  `id` int(11) NOT NULL AUTO_INCREMENT,
  `nama_mk` varchar(100) DEFAULT NULL,
  PRIMARY KEY (`id`)
) ENGINE=InnoDB AUTO_INCREMENT=6 DEFAULT CHARSET=utf8mb4 COLLATE=utf8mb4_general_ci;
/*!40101 SET character_set_client = @saved_cs_client */;

--
-- Dumping data for table `mata_kuliah`
--

LOCK TABLES `mata_kuliah` WRITE;
/*!40000 ALTER TABLE `mata_kuliah` DISABLE KEYS */;
INSERT INTO `mata_kuliah` VALUES (1,'Basis Data'),(2,'Algoritma'),(3,'Ekonomi Makro'),(4,'Statistik Bisnis'),(5,'Rangkaian Listrik');
/*!40000 ALTER TABLE `mata_kuliah` ENABLE KEYS */;
UNLOCK TABLES;

--
-- Table structure for table `nilai`
--

DROP TABLE IF EXISTS `nilai`;
/*!40101 SET @saved_cs_client     = @@character_set_client */;
/*!40101 SET character_set_client = utf8 */;
CREATE TABLE `nilai` (
  `id` int(11) NOT NULL AUTO_INCREMENT,
  `mahasiswa_id` int(11) DEFAULT NULL,
  `mata_kuliah_id` int(11) DEFAULT NULL,
  `nilai` int(11) DEFAULT NULL,
  PRIMARY KEY (`id`),
  KEY `mahasiswa_id` (`mahasiswa_id`),
  KEY `mata_kuliah_id` (`mata_kuliah_id`),
  CONSTRAINT `nilai_ibfk_1` FOREIGN KEY (`mahasiswa_id`) REFERENCES `mahasiswa` (`id`),
  CONSTRAINT `nilai_ibfk_2` FOREIGN KEY (`mata_kuliah_id`) REFERENCES `mata_kuliah` (`id`)
) ENGINE=InnoDB AUTO_INCREMENT=11 DEFAULT CHARSET=utf8mb4 COLLATE=utf8mb4_general_ci;
/*!40101 SET character_set_client = @saved_cs_client */;

--
-- Dumping data for table `nilai`
--

LOCK TABLES `nilai` WRITE;
/*!40000 ALTER TABLE `nilai` DISABLE KEYS */;
INSERT INTO `nilai` VALUES (1,1,1,85),(2,1,2,90),(3,2,1,78),(4,2,2,88),(5,3,3,92),(6,3,4,87),(7,4,3,80),(8,4,4,85),(9,5,5,89),(10,5,2,91);
/*!40000 ALTER TABLE `nilai` ENABLE KEYS */;
UNLOCK TABLES;
/*!40103 SET TIME_ZONE=@OLD_TIME_ZONE */;

/*!40101 SET SQL_MODE=@OLD_SQL_MODE */;
/*!40014 SET FOREIGN_KEY_CHECKS=@OLD_FOREIGN_KEY_CHECKS */;
/*!40014 SET UNIQUE_CHECKS=@OLD_UNIQUE_CHECKS */;
/*!40101 SET CHARACTER_SET_CLIENT=@OLD_CHARACTER_SET_CLIENT */;
/*!40101 SET CHARACTER_SET_RESULTS=@OLD_CHARACTER_SET_RESULTS */;
/*!40101 SET COLLATION_CONNECTION=@OLD_COLLATION_CONNECTION */;
/*!40111 SET SQL_NOTES=@OLD_SQL_NOTES */;

-- Dump completed on 2025-03-12  8:03:16
